{
    "DQN_recognition": 0.832,
    "DDQN_recognition": 0.872,
    "DQN_accuracy": 0.98,
    "DDQN_accuracy": 0.9866666666666667,
    "DQN_post_accuracy": 0.98,
    "DDQN_post_accuracy": 0.9866666666666667
}