{
    "DQN_recognition": 0.176,
    "DDQN_recognition": 0.056,
    "DQN_accuracy": 0.14666666666666667,
    "DDQN_accuracy": 0.31333333333333335,
    "DQN_post_accuracy": 0.16666666666666666,
    "DDQN_post_accuracy": 0.30666666666666664
}