{
    "DQN_recognition": 0.9176533333333333,
    "DDQN_recognition": 0.9210666666666667,
    "DQN_accuracy": 0.9808888888888889,
    "DDQN_accuracy": 0.9808,
    "DQN_post_accuracy": 0.9819555555555556,
    "DDQN_post_accuracy": 0.9821333333333333
}