{
    "DQN_recognition": 0.968,
    "DDQN_recognition": 0.968,
    "DQN_accuracy": 0.9866666666666667,
    "DDQN_accuracy": 0.9866666666666667,
    "DQN_post_accuracy": 0.9866666666666667,
    "DDQN_post_accuracy": 0.9866666666666667
}